Name,Price
"Whole Foods Market, Collagen (Verisol) 2500mg, 90 ct",9.99
"Premium Collagen Peptides Powder | Grass-Fed, Certified Paleo Friendly, Non-Gmo and Gluten Free - Unflavored and Easy to Mix (16oz)",26.55
"NeoCell - Super Collagen + C - 6000mg BioActive Collagen Type 1&3 + Vitamin C Promotes Healthy Hair, Skin, Nails, Joints, Tendons, Ligaments, and Bones; Non-GMO and Gluten-Free - 250 Tablets",17.77
"Vital Proteins Collagen Peptides (20 oz) - Pasture-Raised, Grass-Fed, Hydrolyzed - Paleo, Keto, Whole30, Gluten-Free",40.85
NeoCell - Super Collagen Powder - 7 Ounces,10.89
"Great Lakes Gelatin, Certified Paleo Friendly, Keto Certified, Collagen Hydrolysate, Peptides, Pasture-Raised Grass-Fed, Non GMO, 16 oz, Frustration Free Packaging",27.49
"Ancient Nutrition Multi Collagen Protein Powder — High-Quality Blend of Grass-Fed Beef, Chicken, Wild Fish and Eggshell Collagen Peptides, Providing Type I, II, III, V and X — Formerly Dr. Axe",43.95
Youtheory Collagen Advanced with Vitamin C 290ct (1 Bottle),14.68
"Great Lakes Gelatin, Collagen Hydrolysate, Beef, Kosher, 16 oz. 2 Pack",45.98
"Premium Hydrolyzed Collagen Peptides(21oz) - Best Value｜Non-GMO, Grass-Fed, Gluten-Free, Pasture Raised Cattle｜Unflavored and Easy to Mix - 100% Pure Ultimate Collagen Powder",22.75
"Further Food Collagen Peptides Protein Powder: Grass-Fed, Pasture-Raised, Paleo, Keto. 100% Pure Premium Hydrolyzed Collagen (8 oz)",19.95
"Vital Proteins Matcha Collagen - Matcha Green Tea Powder - High Quality Japanese Matcha, Rich in Antioxidants",36.32
"Advanced Hydrolyzed Collagen Peptides – Unflavored Protein Powder - Mixes Into Drinks and Food - Pasture Raised, Grass Fed - for Paleo and Keto; Joints and Bones - 41 Servings - by ForestLeaf",17.99
"BioOptimal Collagen Powder, Collagen Peptides Grass Fed, Non-GMO Premium Quality Hydrolyzed Collagen Protein, Pasture Raised, Dissolves Easily, 300 Grams",19.94
"Collagen Peptides Hydrolyzed Protein Powder 18oz - Supplement For Vital Joint & Bone Support, Glowing Skin, Strong Hair & Nails, Digestive Health - Unflavored, Hormone-Free, Grass Fed & Pasture Raised",26.50
