Name,Price,Stars,Reviews
"Keto Drive BHB Salts - Exogenous Ketone Performance Complex - Formulated for Ketosis, Energy, Focus and Fat Burn - Patented Beta-Hydroxybutyrates (Calcium, Sodium, Magnesium) - Orange Mango",56.02,4.2,"1,616"
"Perfect Keto Chocolate Exogenous Ketones: Base BHB Salts Supplement- Ketones for Ketogenic Diet Best to Support Energy, Focus and Ketosis Beta-Hydroxybutyrate BHB Salt",56.04,3.8,"2,362"
"Giant Keto - Exogenous Ketone Supplement - BHB Salt Keto Powder, New and Improved Formula to Support Your Ketogenic Diet, Boost Energy and Burn Fat in Ketosis - Maui Punch - 15 Servings",34.99,3.9,386
"Nutricost 4-in-1 Exogenous Ketone Supplement (17.86oz) 13g Beta-Hydroxybutyrate (BHB) Per Serving, 500 Grams (Unflavored)",49.95,3.8,130
Keto BHB Salts Supplement with goBHB - Beta Hydroxybutyrate Exogenous Ketones to Achieve Perfect Ketosis - Energy Boost for Workouts & Focus + Weight Loss & Fat Burn - Raspberry Lemonade - 7.5 oz,52.97,4.6,601
Samsara Fitness Ketogenic BHB Salts - Pure Exogenous Ketones Supplement - Keto (BHB) Salts | Beta Hydroxybutyrate Supplement Powder (2.05 Ounce),14.20,3.8,90
"RSP Keto BHB, 240 Capsules, Keto Supplement with Exogenous Ketones to Support Ketogenic Diet, Boost Energy and Focus in Ketosis, Patented Beta-Hydroxybutyrate BHB Salts, Vegan Friendly Caps, 60 serv",39.97,4.2,103
KetonExpress BHB Salts Capsules - 30 Day Supply Exogenous Ketones Supplement - Betahydroxybutyrate Powder in a Pill - Keto Supplements for Weight Loss and Energy - Electrolytes and Caffeine,29.99,5.0,5
Keto Pro Diet - Advanced Keto Weight Loss Supplement - Ketogenic Fat Burner - Supports Healthy Weight Loss - Burn Fat Instead of Carbs - 30 Day Supply,31.97,4.4,57
"Exogenous Ketone Supplement, KEY KETO: Patented BHB Salts (Beta-Hydroxybutyrate) - Formulated for Ketosis, to Burn Fat, Increase Energy and Focus, Supports a Keto Diet. Strawberry Lemonade (278g)",43.94,4.4,101
"Keto Burst - Beta Hydroxybutyrate (BHB) Salt Ketone Supplement - Double Size 17 oz (30 Servings) Chocolate - Exogenous Ketones Powder - Ca, Na & Magnesium BHB Salts. Left Coast Performance (1.06 lbs)",52.22,4.1,184
"Giant Keto-Exogenous Ketones Supplement - Beta-Hydroxybutyrate Keto Powder Designed to Support Your Ketogenic Diet, Boost Energy and Burn Fat in Ketosis - Lemon Raspberry - 10 Servings",27.99,3.6,116
"NutriBHB Exogenous Ketones Supplement - Patented Beta-Hydroxybutyrate (BHB) Keto Salts Formulated for Rapid Ketosis, Fat Burn, Increased Energy & Focus (Dark Chocolate)",32.97,4.2,81
"NowKeto™ KetoENERGY Ketones w/MCT Powder -Medium Chain Triglyceride- & BHB Ketones -Beta Hydroxybutrate Salts - Keto Diet Friendly - Elevate Ketones & Increase Ketosis, for Ketogenic Diet",37.05,4.3,20
"KetoLogic BHB – Keto Supplement – Suppresses Appetite/Increases Energy/Low Carb/Electrolytes/Beta-Hydroxybutyrate Salts  – Patriot Pop, 30 Servings",56.04,4.2,82
"Exogenous Ketones Supplement with Beta Hydroxybutyrate BHB Salts for The Ketogenic Diet – Keto Powder Drink to Help Reach Ketosis, Burn Fat, Reduce Stress, and Boost Energy (Sour Apple, 10 Servings)",29.99,4.0,1
